pattern,n_positive,auc,precision,recall,f1
pump_and_dump,15,0.9586176727909012,0.9285714285714286,0.8666666666666667,0.896551724137931
wash_trading,33,0.9826362801569414,0.6818181818181818,0.9090909090909091,0.7792207792207793
spoofing,10,0.9102331606217616,0.15151515151515152,0.5,0.23255813953488372
layering,15,0.8234470691163606,0.125,0.4,0.19047619047619047
