pattern,n_positive,auc,precision,recall,f1
pump_and_dump,20,0.997872340425532,0.9047619047619048,0.95,0.926829268292683
wash_trading,14,0.9745699326851159,0.2549019607843137,0.9285714285714286,0.4
spoofing,17,0.7974546018935278,0.20833333333333334,0.5882352941176471,0.3076923076923077
layering,21,0.8876190476190476,0.29411764705882354,0.7142857142857143,0.4166666666666667
